{"cameraMode":{"drawMode":0,"name":"Shaded","section":"Shading Mode"},"sceneLighting":true,"audioPlay":false,"sceneViewState":{"m_AlwaysRefresh":false,"showFog":true,"showSkybox":true,"showFlares":true,"showImageEffects":true,"showParticleSystems":true,"showVisualEffectGraphs":true,"m_FxEnabled":true},"in2DMode":false,"pivot":{"x":-27.657747268676759,"y":6.45118522644043,"z":-8.263763427734375},"rotation":{"x":-0.02074381895363331,"y":-0.5211658477783203,"z":0.012668946757912636,"w":-0.8531041741371155},"size":0.37962114810943606,"orthographic":false}