{"cameraMode":{"drawMode":0,"name":"Shaded","section":"Shading Mode"},"sceneLighting":true,"audioPlay":false,"sceneViewState":{"m_AlwaysRefresh":false,"showFog":true,"showSkybox":true,"showFlares":true,"showImageEffects":true,"showParticleSystems":true,"showVisualEffectGraphs":true,"m_FxEnabled":true},"in2DMode":false,"pivot":{"x":-1.9803221225738526,"y":1.2806226015090943,"z":-2.9107463359832765},"rotation":{"x":-0.2219066470861435,"y":-0.01842678338289261,"z":0.004190678708255291,"w":-0.9748845100402832},"size":0.12247540056705475,"orthographic":false}