{"cameraMode":{"drawMode":0,"name":"Shaded","section":"Shading Mode"},"sceneLighting":false,"audioPlay":false,"sceneViewState":{"m_AlwaysRefresh":false,"showFog":true,"showSkybox":false,"showFlares":true,"showImageEffects":true,"showParticleSystems":true,"showVisualEffectGraphs":true,"m_FxEnabled":true},"in2DMode":false,"pivot":{"x":-0.3704352080821991,"y":-0.000003470124283921905,"z":-2.1404454708099367},"rotation":{"x":-0.19832946360111237,"y":-0.7308567762374878,"z":0.2383963018655777,"w":-0.6080051064491272},"size":0.000017320508050033823,"orthographic":false}