{"cameraMode":{"drawMode":0,"name":"Shaded","section":"Shading Mode"},"sceneLighting":false,"audioPlay":false,"sceneViewState":{"m_AlwaysRefresh":false,"showFog":true,"showSkybox":false,"showFlares":true,"showImageEffects":true,"showParticleSystems":true,"showVisualEffectGraphs":true,"m_FxEnabled":true},"in2DMode":false,"pivot":{"x":13.976967811584473,"y":0.18719889223575593,"z":0.38473623991012576},"rotation":{"x":-0.2326226830482483,"y":-0.17624251544475556,"z":0.04290330410003662,"w":-0.9555041790008545},"size":2.3816418647766115,"orthographic":false}